OBJECTID,AddressPtID,StreetName,AddressNumber,Fractional,Unit,Building,SubAddressFlag,RouteExternalKey,ZipCode,City,State,X,Y,Address,FullNumber,UnitID,created_user,created_date,last_edited_user,last_edited_date,County,StateAbbr,ADD_TYPE
104643,58043498.0,E IVY HILL LN,2003,,,,,,92867,ORANGE,California,-117.83314454,33.83584608,2003 E IVY HILL LN    ,,,ARCGISADMIN,2024/09/03 13:46:03+00,ARCGISADMIN,2024/09/03 13:46:03+00,Orange County,CA,
421143,86029680.0,SHADY CREEK LN,5550,,,,,,92887,YORBA LINDA,California,-117.69402105,33.87945857,5550 SHADY CREEK LN    ,,,ARCGISADMIN,2024/09/03 13:46:03+00,ARCGISADMIN,2024/09/03 13:46:03+00,Orange County,CA,
370941,32081918.0,CONNECTICUT,7,,,,,,92606,IRVINE,California,-117.79430468,33.71094889,7 CONNECTICUT    ,,,ARCGISADMIN,2024/09/03 13:46:03+00,ARCGISADMIN,2024/09/03 13:46:03+00,Orange County,CA,
692620,30036120.0,KINER AVE,8131,,,,,,92646,HUNTINGTON BEACH,California,-117.98647427,33.69807045,8131 KINER AVE    ,,,ARCGISADMIN,2024/09/03 13:46:03+00,ARCGISADMIN,2024/09/03 13:46:03+00,Orange County,CA,
338957,58046828.0,N RIVER TRAIL RD,2395,,,,,,92865,ORANGE,California,-117.86362642,33.82804231,2395 N RIVER TRAIL RD    ,,,ARCGISADMIN,2024/09/03 13:46:03+00,ARCGISADMIN,2024/09/03 13:46:03+00,Orange County,CA,
643686,92718826.0,CONTESSA,1733,,,10,,,92620,IRVINE,California,-117.76248549,33.68815467,1733 CONTESSA   10 ,,,ARCGISADMIN,2024/09/03 13:46:03+00,ARCGISADMIN,2024/09/03 13:46:03+00,Orange County,CA,
492552,92938797.0,ACACIA PKWY,11441,,122,,,,92840,GARDEN GROVE,California,-117.93308989,33.77628241,11441 ACACIA PKWY    122,,,ARCGISADMIN,2024/09/03 13:46:03+00,ARCGISADMIN,2024/09/03 13:46:03+00,Orange County,CA,
438413,72011717.0,VIA TONADA,32021,,,,,,92675,SAN JUAN CAPISTRANO,California,-117.66651235,33.49704581,32021 VIA TONADA    ,,,ARCGISADMIN,2024/09/03 13:46:03+00,ARCGISADMIN,2024/09/03 13:46:03+00,Orange County,CA,
687559,91168851.0,FERN AVE,10375,,B,,UNIT,1184524.0,90680,STANTON,California,-117.99001746,33.81263302,10375 FERN AVE  UNIT  B,,,ARCGISADMIN,2024/09/03 13:46:03+00,ARCGISADMIN,2024/09/03 13:46:03+00,Orange County,CA,
112373,74302951.0,W 1ST ST,4702,,A,,UNIT,,92703,SANTA ANA,California,-117.93129445,33.74464923,4702 W 1ST ST  UNIT  A,,,ARCGISADMIN,2024/09/03 13:46:03+00,ARCGISADMIN,2024/09/03 13:46:03+00,Orange County,CA,
99163,92761895.0,CALLE ARAGON,45,,O,,,1109454.0,92637,LAGUNA WOODS,California,-117.71204297,33.60684249,45 CALLE ARAGON    O,,,ARCGISADMIN,2024/09/03 13:46:03+00,ARCGISADMIN,2024/09/03 13:46:03+00,Orange County,CA,
797434,52055717.0,PEDROSO,21552,,,,,,92691,MISSION VIEJO,California,-117.65641006,33.64984731,21552 PEDROSO    ,,,ARCGISADMIN,2024/09/03 13:46:03+00,ARCGISADMIN,2024/09/03 13:46:03+00,Orange County,CA,
619858,32222575.0,PIEDMONT,416,,,,,,92620,IRVINE,California,-117.74365596,33.69981776,416 PIEDMONT    ,,,ARCGISADMIN,2024/09/03 13:46:03+00,ARCGISADMIN,2024/09/03 13:46:03+00,Orange County,CA,
378681,42035192.0,CAMINO DEL MAR,25132,,H,,UNIT,,92677,LAGUNA NIGUEL,California,-117.69112754,33.55411478,25132 CAMINO DEL MAR  UNIT  H,,,ARCGISADMIN,2024/09/03 13:46:03+00,ARCGISADMIN,2024/09/03 13:46:03+00,Orange County,CA,
1157553,92779216.0,FARRA ST,10,,,,,,92694,Rancho Mission Viejo,California,-117.62278027,33.52874521,10 FARRA ST    ,,,ARCGISADMIN,2024/09/03 13:46:03+00,ARCGISADMIN,2024/09/03 13:46:03+00,Orange County,CA,
811194,91925147.0,MARGUERITE PKWY,21622,,468,38,UNIT,1160696.0,92692,MISSION VIEJO,California,-117.64325908,33.65065664,21622 MARGUERITE PKWY  UNIT 38 468,,,ARCGISADMIN,2024/09/03 13:46:03+00,ARCGISADMIN,2024/09/03 13:46:03+00,Orange County,CA,
510791,54076250.0,33RD ST,123,,1,,UNIT,,92663,NEWPORT BEACH,California,-117.93339823,33.6151821,123 33RD ST  UNIT  1,,,ARCGISADMIN,2024/09/03 13:46:03+00,ARCGISADMIN,2024/09/03 13:46:03+00,Orange County,CA,
967525,91542134.0,ORANGETHORPE AVE,5600,,2408,24,APT,,90623,LA PALMA,California,-118.0372436,33.85745841,5600 ORANGETHORPE AVE  APT 24 2408,,,ARCGISADMIN,2024/09/03 13:46:03+00,ARCGISADMIN,2024/09/03 13:46:03+00,Orange County,CA,
460919,92947403.0,ADRIAN ST,12122,,207,7,APT,,92840,GARDEN GROVE,California,-117.90480117,33.78672093,12122 ADRIAN ST  APT 7 207,,,ARCGISADMIN,2024/09/03 13:46:03+00,ARCGISADMIN,2024/09/03 13:46:03+00,Orange County,CA,
998999,12026434.0,S NUTWOOD ST,628,,,,,,92804,ANAHEIM,California,-117.95002586,33.82390537,628 S NUTWOOD ST    ,,,ARCGISADMIN,2024/09/03 13:46:03+00,ARCGISADMIN,2024/09/03 13:46:03+00,Orange County,CA,
139328,91413750.0,VIA MEDIA,26,,,,SPC,,92780,TUSTIN,California,-117.8272613,33.73682445,26 VIA MEDIA  SPC  ,,,ARCGISADMIN,2024/09/03 13:46:03+00,ARCGISADMIN,2024/09/03 13:46:03+00,Orange County,CA,
51447,92689347.0,WESTMINSTER MALL,200,,,,,,92683,WESTMINSTER,California,-118.01230724,33.74621531,200 WESTMINSTER MALL    ,,,ARCGISADMIN,2024/09/03 13:46:03+00,ARCGISADMIN,2024/09/03 13:46:03+00,Orange County,CA,
494372,92719416.0,PENDIO,2317,,,10,,,92620,IRVINE,California,-117.76357747,33.68508141,2317 PENDIO   10 ,,,ARCGISADMIN,2024/09/03 13:46:03+00,ARCGISADMIN,2024/09/03 13:46:03+00,Orange County,CA,
324198,40014998.0,WILKES PL,25122,,,,,,92653,LAGUNA HILLS,California,-117.69747922,33.59744157,25122 WILKES PL    ,,,ARCGISADMIN,2024/09/03 13:46:03+00,ARCGISADMIN,2024/09/03 13:46:03+00,Orange County,CA,
1154848,92904643.0,ALIENTA LN,274,,,4,,1189100.0,92675,Rancho Mission Viejo,California,-117.59811851,33.54888993,274 ALIENTA LN   4 ,,,ARCGISADMIN,2024/09/03 13:46:03+00,ARCGISADMIN,2024/09/03 13:46:03+00,Orange County,CA,
809675,52057293.0,VIA BELLO,28141,,,,,,92692,MISSION VIEJO,California,-117.64000427,33.62013399,28141 VIA BELLO    ,,,ARCGISADMIN,2024/09/03 13:46:03+00,ARCGISADMIN,2024/09/03 13:46:03+00,Orange County,CA,
712861,91371755.0,SIMS ST,16766,,A,,UNIT,,92649,HUNTINGTON BEACH,California,-118.0478168,33.71837685,16766 SIMS ST  UNIT  A,,,ARCGISADMIN,2024/09/03 13:46:03+00,ARCGISADMIN,2024/09/03 13:46:03+00,Orange County,CA,
113141,80024026.0,DEAN ST,13542,,,,,,92780,TUSTIN,California,-117.80733065,33.7364041,13542 DEAN ST    ,,,ARCGISADMIN,2024/09/03 13:46:03+00,ARCGISADMIN,2024/09/03 13:46:03+00,Orange County,CA,
832815,92698673.0,SIENNA PKWY,29511,,,,,,92694,Ladera Ranch,California,-117.63727783,33.55284677,29511 SIENNA PKWY    ,,,ARCGISADMIN,2024/09/03 13:46:03+00,ARCGISADMIN,2024/09/03 13:46:03+00,Orange County,CA,
708302,30054066.0,RACEPOINT DR,8131,,203,,UNIT,,92646,HUNTINGTON BEACH,California,-117.98541454,33.66964697,8131 RACEPOINT DR  UNIT  203,,,ARCGISADMIN,2024/09/03 13:46:03+00,ARCGISADMIN,2024/09/03 13:46:03+00,Orange County,CA,
259469,74090340.0,S MAPLE ST,1332,,,,,,92707,SANTA ANA,California,-117.86414916,33.73057615,1332 S MAPLE ST    ,,,ARCGISADMIN,2024/09/03 13:46:03+00,ARCGISADMIN,2024/09/03 13:46:03+00,Orange County,CA,
105884,91411009.0,TUSTIN VILLAGE WAY,15660,,42,,UNIT,,92780,TUSTIN,California,-117.83515512,33.73553283,15660 TUSTIN VILLAGE WAY  UNIT  42,,,ARCGISADMIN,2024/09/03 13:46:03+00,ARCGISADMIN,2024/09/03 13:46:03+00,Orange County,CA,
88118,66023151.0,E ORANGETHORPE AVE,208,,,,,,92870,PLACENTIA,California,-117.87014282,33.86259707,208 E ORANGETHORPE AVE    ,,,ARCGISADMIN,2024/09/03 13:46:03+00,ARCGISADMIN,2024/09/03 13:46:03+00,Orange County,CA,
663254,87218092.0,PAYTON,10305,,,,,,92620,IRVINE,California,-117.74480826,33.69245916,10305 PAYTON    ,,,ARCGISADMIN,2024/09/03 13:46:03+00,ARCGISADMIN,2024/09/03 13:46:03+00,Orange County,CA,
631776,87220548.0,TWIN GABLES,74,,,,,,92620,IRVINE,California,-117.74968942,33.69456604,74 TWIN GABLES    ,,,ARCGISADMIN,2024/09/03 13:46:03+00,ARCGISADMIN,2024/09/03 13:46:03+00,Orange County,CA,
24050,24031753.0,GOODALE AVE,11859,,,,,,92708,FOUNTAIN VALLEY,California,-117.92227402,33.71986852,11859 GOODALE AVE    ,,,ARCGISADMIN,2024/09/03 13:46:03+00,ARCGISADMIN,2024/09/03 13:46:03+00,Orange County,CA,
701248,30010308.0,STEWART ST,18971,,,,,,92648,HUNTINGTON BEACH,California,-118.00413796,33.68682861,18971 STEWART ST    ,,,ARCGISADMIN,2024/09/03 13:46:03+00,ARCGISADMIN,2024/09/03 13:46:03+00,Orange County,CA,
324940,92754274.0,HIDDEN HILLS RD,25012,,B,,UNIT,,92677,LAGUNA NIGUEL,California,-117.69298992,33.5260784,25012 HIDDEN HILLS RD  UNIT  B,,,ARCGISADMIN,2024/09/03 13:46:03+00,ARCGISADMIN,2024/09/03 13:46:03+00,Orange County,CA,
928996,34012619.0,N DEXTER ST,561,,,,,,90631,LA HABRA,California,-117.93014926,33.93703299,561 N DEXTER ST    ,,,ARCGISADMIN,2024/09/03 13:46:03+00,ARCGISADMIN,2024/09/03 13:46:03+00,Orange County,CA,
222037,18033531.0,WIMBLEDON WAY,3490,,,,,,92626,COSTA MESA,California,-117.90386748,33.69558095,3490 WIMBLEDON WAY    ,,,ARCGISADMIN,2024/09/03 13:46:03+00,ARCGISADMIN,2024/09/03 13:46:03+00,Orange County,CA,
371718,58089342.0,EATON RD,2448,,,,,,92867,ORANGE,California,-117.77255801,33.82951609,2448 EATON RD    ,,,ARCGISADMIN,2024/09/03 13:46:03+00,ARCGISADMIN,2024/09/03 13:46:03+00,Orange County,CA,
596841,32204850.0,ROBINSONG,24,,,,,,92614,IRVINE,California,-117.79377851,33.66539496,24 ROBINSONG    ,,,ARCGISADMIN,2024/09/03 13:46:03+00,ARCGISADMIN,2024/09/03 13:46:03+00,Orange County,CA,
1132499,26030812.0,SUNFLOWER ST,2520,,,,,,92835,FULLERTON,California,-117.92329203,33.89651985,2520 SUNFLOWER ST    ,,,ARCGISADMIN,2024/09/03 13:46:03+00,ARCGISADMIN,2024/09/03 13:46:03+00,Orange County,CA,
1149472,92772478.0,DEL MONTE DR,13140,,I,51,,1143267.0,90740,SEAL BEACH,California,-118.08073262,33.7722395,13140 DEL MONTE DR   51 I,,,ARCGISADMIN,2024/09/03 13:46:03+00,ARCGISADMIN,2024/09/03 13:46:03+00,Orange County,CA,
83110,66013344.0,E ORANGETHORPE AVE,161,,134,,SPC,,92870,PLACENTIA,California,-117.87099566,33.86513085,161 E ORANGETHORPE AVE  SPC  134,,,ARCGISADMIN,2024/09/03 13:46:03+00,ARCGISADMIN,2024/09/03 13:46:03+00,Orange County,CA,
507159,54052148.0,AGATE AVE,230,,,,,,92662,NEWPORT BEACH,California,-117.89630953,33.60776761,230 AGATE AVE    ,,,ARCGISADMIN,2024/09/03 13:46:03+00,ARCGISADMIN,2024/09/03 13:46:03+00,Orange County,CA,
904324,14013560.0,SHAMROCK AVE,2942,,,,,,92821,BREA,California,-117.85901397,33.92242193,2942 SHAMROCK AVE    ,,,ARCGISADMIN,2024/09/03 13:46:03+00,ARCGISADMIN,2024/09/03 13:46:03+00,Orange County,CA,
952471,92707566.0,AVENIDA VICTORIA,262,,1,,APT,,92672,SAN CLEMENTE,California,-117.61630733,33.42261626,262 AVENIDA VICTORIA  APT  1,,,ARCGISADMIN,2024/09/03 13:46:03+00,ARCGISADMIN,2024/09/03 13:46:03+00,Orange County,CA,
258922,18010092.0,FISCHER AVE,245,,A8A,,STE,,92626,COSTA MESA,California,-117.88039223,33.67555407,245 FISCHER AVE  STE  A8A,,,ARCGISADMIN,2024/09/03 13:46:03+00,ARCGISADMIN,2024/09/03 13:46:03+00,Orange County,CA,
994708,16062243.0,MELROSE ST,7030,,C,,UNIT,,90621,BUENA PARK,California,-118.01078601,33.86160059,7030 MELROSE ST  UNIT  C,,,ARCGISADMIN,2024/09/03 13:46:03+00,ARCGISADMIN,2024/09/03 13:46:03+00,Orange County,CA,
497550,92948822.0,GARDEN GROVE BLVD,10080,,356,,,,92844,GARDEN GROVE,California,-117.95736792,33.77350227,10080 GARDEN GROVE BLVD    356,,,ARCGISADMIN,2024/09/03 13:46:03+00,ARCGISADMIN,2024/09/03 13:46:03+00,Orange County,CA,
598484,92701998.0,SPECTRUM,11410,,,,,,92618,IRVINE,California,-117.75362219,33.65508593,11410 SPECTRUM    ,,,ARCGISADMIN,2024/09/03 13:46:03+00,ARCGISADMIN,2024/09/03 13:46:03+00,Orange County,CA,
956501,70025330.0,S EL CAMINO REAL,621,,,,OFC,,92672,SAN CLEMENTE,California,-117.60978809,33.42441009,621 S EL CAMINO REAL  OFC  ,,,ARCGISADMIN,2024/09/03 13:46:03+00,ARCGISADMIN,2024/09/03 13:46:03+00,Orange County,CA,
916490,14009620.0,WINDING LN,355,,,,,,92821,BREA,California,-117.86896824,33.92322437,355 WINDING LN    ,,,ARCGISADMIN,2024/09/03 13:46:03+00,ARCGISADMIN,2024/09/03 13:46:03+00,Orange County,CA,
357837,22012781.0,QUAIL RUN,25611,,47,3,UNIT,,92629,DANA POINT,California,-117.68276339,33.46930206,25611 QUAIL RUN  UNIT 3 47,,,ARCGISADMIN,2024/09/03 13:46:03+00,ARCGISADMIN,2024/09/03 13:46:03+00,Orange County,CA,
160460,80026459.0,S MYRTLE AVE,185,,,,,,92780,TUSTIN,California,-117.8313703,33.74434934,185 S MYRTLE AVE    ,,,ARCGISADMIN,2024/09/03 13:46:03+00,ARCGISADMIN,2024/09/03 13:46:03+00,Orange County,CA,
207681,74353445.0,N SPURGEON ST,1900,,206,,APT,,92706,SANTA ANA,California,-117.86554616,33.76185684,1900 N SPURGEON ST  APT  206,,,ARCGISADMIN,2024/09/03 13:46:03+00,ARCGISADMIN,2024/09/03 13:46:03+00,Orange County,CA,
79798,74078953.0,S DIAMOND ST,3102,,,,,,92704,SANTA ANA,California,-117.90088579,33.70638268,3102 S DIAMOND ST    ,,,ARCGISADMIN,2024/09/03 13:46:03+00,ARCGISADMIN,2024/09/03 13:46:03+00,Orange County,CA,
675341,30002825.0,GREENBRIER DR,6102,,,,,,92648,HUNTINGTON BEACH,California,-118.02469406,33.67950248,6102 GREENBRIER DR    ,,,ARCGISADMIN,2024/09/03 13:46:03+00,ARCGISADMIN,2024/09/03 13:46:03+00,Orange County,CA,
835502,74074311.0,OMEGA DR,2112,,,,,,92705,North Tustin,California,-117.78625567,33.7491037,2112 OMEGA DR    ,,,ARCGISADMIN,2024/09/03 13:46:03+00,ARCGISADMIN,2024/09/03 13:46:03+00,Orange County,CA,
601286,92840772.0,EASTMAN,17281,,,,,,92614,IRVINE,California,-117.85435764,33.69853916,17281 EASTMAN    ,,,ARCGISADMIN,2024/09/03 13:46:03+00,ARCGISADMIN,2024/09/03 13:46:03+00,Orange County,CA,
462732,54032531.0,W BAY AVE,517,1/2,,,APT,,92661,NEWPORT BEACH,California,-117.90728084,33.60460402,517 W BAY AVE 1/2 APT  ,,,ARCGISADMIN,2024/09/03 13:46:03+00,ARCGISADMIN,2024/09/03 13:46:03+00,Orange County,CA,
1098114,20016529.0,BATAAN ST,6373,,,,,,90630,CYPRESS,California,-118.02196708,33.79530589,6373 BATAAN ST    ,,,ARCGISADMIN,2024/09/03 13:46:03+00,ARCGISADMIN,2024/09/03 13:46:03+00,Orange County,CA,
1093391,91191630.0,BLOOMFIELD AVE,9208,,70,,UNIT,,90630,CYPRESS,California,-118.06133144,33.82859801,9208 BLOOMFIELD AVE  UNIT  70,,,ARCGISADMIN,2024/09/03 13:46:03+00,ARCGISADMIN,2024/09/03 13:46:03+00,Orange County,CA,
143109,92834126.0,DIETRICH DR,2669,,,,,,92782,TUSTIN,California,-117.76646771,33.75699259,2669 DIETRICH DR    ,,,ARCGISADMIN,2024/09/03 13:46:03+00,ARCGISADMIN,2024/09/03 13:46:03+00,Orange County,CA,
369075,32065841.0,RAINSTAR,6,,,,,,92614,IRVINE,California,-117.80799848,33.67153271,6 RAINSTAR    ,,,ARCGISADMIN,2024/09/03 13:46:03+00,ARCGISADMIN,2024/09/03 13:46:03+00,Orange County,CA,
231829,74115742.0,N SPURGEON ST,1025,,,,,,92701,SANTA ANA,California,-117.8654093,33.75435247,1025 N SPURGEON ST    ,,,ARCGISADMIN,2024/09/03 13:46:03+00,ARCGISADMIN,2024/09/03 13:46:03+00,Orange County,CA,
643430,87217514.0,ARCHWAY,5315,,,,,,92618,IRVINE,California,-117.71642327,33.69632512,5315 ARCHWAY    ,,,ARCGISADMIN,2024/09/03 13:46:03+00,ARCGISADMIN,2024/09/03 13:46:03+00,Orange County,CA,
608267,32225600.0,TAROCCO,155,,,,,,92618,IRVINE,California,-117.77564761,33.67430071,155 TAROCCO    ,,,ARCGISADMIN,2024/09/03 13:46:03+00,ARCGISADMIN,2024/09/03 13:46:03+00,Orange County,CA,
578160,32178656.0,DURANZO AISLE,335,,,,,,92606,IRVINE,California,-117.82126501,33.6863415,335 DURANZO AISLE    ,,,ARCGISADMIN,2024/09/03 13:46:03+00,ARCGISADMIN,2024/09/03 13:46:03+00,Orange County,CA,
1051133,12047222.0,E QUIET CANYON CT,8350,,,,,,92808,ANAHEIM,California,-117.72968039,33.855552,8350 E QUIET CANYON CT    ,,,ARCGISADMIN,2024/09/03 13:46:03+00,ARCGISADMIN,2024/09/03 13:46:03+00,Orange County,CA,
308874,74083804.0,S ORANGE AVE,2601,,,,,,92707,SANTA ANA,California,-117.86550124,33.71208981,2601 S ORANGE AVE    ,,,ARCGISADMIN,2024/09/03 13:46:03+00,ARCGISADMIN,2024/09/03 13:46:03+00,Orange County,CA,
169941,74124472.0,N PONDEROSA ST,2610,,,,,,92705,SANTA ANA,California,-117.83407773,33.77240063,2610 N PONDEROSA ST    ,,,ARCGISADMIN,2024/09/03 13:46:03+00,ARCGISADMIN,2024/09/03 13:46:03+00,Orange County,CA,
532294,54041251.0,CANAL ST,305,,,,,,92663,NEWPORT BEACH,California,-117.95084981,33.62975435,305 CANAL ST    ,,,ARCGISADMIN,2024/09/03 13:46:03+00,ARCGISADMIN,2024/09/03 13:46:03+00,Orange County,CA,
551280,92734105.0,MARTIN,2253,,412,,APT,,92612,IRVINE,California,-117.85801685,33.67308999,2253 MARTIN  APT  412,,,ARCGISADMIN,2024/09/03 13:46:03+00,ARCGISADMIN,2024/09/03 13:46:03+00,Orange County,CA,
39330,84035683.0,BARBER ST,14146,,,,,,92683,WESTMINSTER,California,-118.03094803,33.7566495,14146 BARBER ST    ,,,ARCGISADMIN,2024/09/03 13:46:03+00,ARCGISADMIN,2024/09/03 13:46:03+00,Orange County,CA,
543873,92924808.0,EUCLID ST,13742,,5,,,,92843,GARDEN GROVE,California,-117.93737934,33.76296732,13742 EUCLID ST    5,,,ARCGISADMIN,2024/09/03 13:46:03+00,ARCGISADMIN,2024/09/03 13:46:03+00,Orange County,CA,
896781,91634392.0,TOWNE CENTRE DR,26322,,215,2,UNIT,,92610,LAKE FOREST,California,-117.67173424,33.68237522,26322 TOWNE CENTRE DR  UNIT 2 215,,,ARCGISADMIN,2024/09/03 13:46:03+00,ARCGISADMIN,2024/09/03 13:46:03+00,Orange County,CA,
847052,91634754.0,RUE DE VALORE,19431,,A,62,UNIT,,92610,LAKE FOREST,California,-117.65511172,33.68160456,19431 RUE DE VALORE  UNIT 62 A,,,ARCGISADMIN,2024/09/03 13:46:03+00,ARCGISADMIN,2024/09/03 13:46:03+00,Orange County,CA,
326460,42034790.0,PORTLAND PL,30,,,,,,92677,LAGUNA NIGUEL,California,-117.70812381,33.49886928,30 PORTLAND PL    ,,,ARCGISADMIN,2024/09/03 13:46:03+00,ARCGISADMIN,2024/09/03 13:46:03+00,Orange County,CA,
1091016,20024010.0,GRAHAM ST,9767,,,,,,90630,CYPRESS,California,-118.03480717,33.82003806,9767 GRAHAM ST    ,,,ARCGISADMIN,2024/09/03 13:46:03+00,ARCGISADMIN,2024/09/03 13:46:03+00,Orange County,CA,
1000262,92834446.0,9TH ST,7616,,A,,APT,,90621,BUENA PARK,California,-118.00058159,33.8646675,7616 9TH ST  APT  A,,,ARCGISADMIN,2024/09/03 13:46:03+00,ARCGISADMIN,2024/09/03 13:46:03+00,Orange County,CA,
52650,92782217.0,20TH ST,7232,,6,,,,92683,WESTMINSTER,California,-118.00252604,33.7614876,7232 20TH ST    6,,,ARCGISADMIN,2024/09/03 13:46:03+00,ARCGISADMIN,2024/09/03 13:46:03+00,Orange County,CA,
455245,86034607.0,VIA DEL TECOLOTE,5915,,,,,,92887,YORBA LINDA,California,-117.75874422,33.87641831,5915 VIA DEL TECOLOTE    ,,,ARCGISADMIN,2024/09/03 13:46:03+00,ARCGISADMIN,2024/09/03 13:46:03+00,Orange County,CA,
880572,87107928.0,CAMARIN ST,18,,,,,,92610,LAKE FOREST,California,-117.65279179,33.68861717,18 CAMARIN ST    ,,,ARCGISADMIN,2024/09/03 13:46:03+00,ARCGISADMIN,2024/09/03 13:46:03+00,Orange County,CA,
1157793,92887233.0,MARISOL ST,42,,,,,1191091.0,92675,Rancho Mission Viejo,California,-117.59798065,33.53600395,42 MARISOL ST    ,,,ARCGISADMIN,2024/09/03 13:46:03+00,ARCGISADMIN,2024/09/03 13:46:03+00,Orange County,CA,
425024,92938126.0,STANFORD AVE,10372,,T,,,,92840,GARDEN GROVE,California,-117.9524713,33.77694292,10372 STANFORD AVE    T,,,ARCGISADMIN,2024/09/03 13:46:03+00,ARCGISADMIN,2024/09/03 13:46:03+00,Orange County,CA,
1042632,12056858.0,S STILLWATER LN,781,,,,,,92807,ANAHEIM,California,-117.76695562,33.83745824,781 S STILLWATER LN    ,,,ARCGISADMIN,2024/09/03 13:46:03+00,ARCGISADMIN,2024/09/03 13:46:03+00,Orange County,CA,
1134098,26041124.0,E IMPERIAL HWY,500,,E,,APT,,92835,FULLERTON,California,-117.92119393,33.91693899,500 E IMPERIAL HWY  APT  E,,,ARCGISADMIN,2024/09/03 13:46:03+00,ARCGISADMIN,2024/09/03 13:46:03+00,Orange County,CA,
629766,32190204.0,CHANDON,14,,,,,,92602,IRVINE,California,-117.77771219,33.72906556,14 CHANDON    ,,,ARCGISADMIN,2024/09/03 13:46:03+00,ARCGISADMIN,2024/09/03 13:46:03+00,Orange County,CA,
914382,14001790.0,E FIR ST,408,,,,,,92821,BREA,California,-117.90012462,33.90878384,408 E FIR ST    ,,,ARCGISADMIN,2024/09/03 13:46:03+00,ARCGISADMIN,2024/09/03 13:46:03+00,Orange County,CA,
934376,14009240.0,DEVONSHIRE DR,315,,,,,,92821,BREA,California,-117.8731946,33.91558618,315 DEVONSHIRE DR    ,,,ARCGISADMIN,2024/09/03 13:46:03+00,ARCGISADMIN,2024/09/03 13:46:03+00,Orange County,CA,
965372,36005984.0,BARBI LN,7672,,,,,,90623,LA PALMA,California,-118.0498448,33.85109584,7672 BARBI LN    ,,,ARCGISADMIN,2024/09/03 13:46:03+00,ARCGISADMIN,2024/09/03 13:46:03+00,Orange County,CA,
129889,80028386.0,COLLIER CT,2195,,,,,,92782,TUSTIN,California,-117.78946338,33.74379839,2195 COLLIER CT    ,,,ARCGISADMIN,2024/09/03 13:46:03+00,ARCGISADMIN,2024/09/03 13:46:03+00,Orange County,CA,
647475,92958119.0,GATEWAY BLVD,7725,,2418,2000,,,92618,IRVINE,California,-117.74985937,33.65593767,7725 GATEWAY BLVD   2000 2418,,,ARCGISADMIN,2024/09/03 13:46:03+00,ARCGISADMIN,2024/09/03 13:46:03+00,Orange County,CA,
247864,92740658.0,HOLLYOAK,24112,,H,,,,92656,ALISO VIEJO,California,-117.70972945,33.57623002,24112 HOLLYOAK    H,,,ARCGISADMIN,2024/09/03 13:46:03+00,ARCGISADMIN,2024/09/03 13:46:03+00,Orange County,CA,
831003,80013814.0,NEWPORT AVE,12700,,15,,APT,,92780,North Tustin,California,-117.80689824,33.75211232,12700 NEWPORT AVE  APT  15,,,ARCGISADMIN,2024/09/03 13:46:03+00,ARCGISADMIN,2024/09/03 13:46:03+00,Orange County,CA,
743068,91592141.0,ENGLAND ST,1117,,A,,UNIT,,92648,HUNTINGTON BEACH,California,-117.99193399,33.66745695,1117 ENGLAND ST  UNIT  A,,,ARCGISADMIN,2024/09/03 13:46:03+00,ARCGISADMIN,2024/09/03 13:46:03+00,Orange County,CA,
1043034,12056345.0,S RUTGERS CIR,990,,,,,,92807,ANAHEIM,California,-117.74836373,33.83616759,990 S RUTGERS CIR    ,,,ARCGISADMIN,2024/09/03 13:46:03+00,ARCGISADMIN,2024/09/03 13:46:03+00,Orange County,CA,
618882,32207699.0,CORIANDER,71,,,,,,92603,IRVINE,California,-117.7765787,33.6471467,71 CORIANDER    ,,,ARCGISADMIN,2024/09/03 13:46:03+00,ARCGISADMIN,2024/09/03 13:46:03+00,Orange County,CA,
970397,16030397.0,EAGLE DR,7067,,,,,,90620,BUENA PARK,California,-118.02309476,33.85761829,7067 EAGLE DR    ,,,ARCGISADMIN,2024/09/03 13:46:03+00,ARCGISADMIN,2024/09/03 13:46:03+00,Orange County,CA,
190573,80020923.0,HYANNIS PORT RD,14542,,,,,,92780,TUSTIN,California,-117.81357028,33.72172328,14542 HYANNIS PORT RD    ,,,ARCGISADMIN,2024/09/03 13:46:03+00,ARCGISADMIN,2024/09/03 13:46:03+00,Orange County,CA,
944750,70023070.0,CALLE MARLENA,4036,,,,,,92672,SAN CLEMENTE,California,-117.59711914,33.3925862,4036 CALLE MARLENA    ,,,ARCGISADMIN,2024/09/03 13:46:03+00,ARCGISADMIN,2024/09/03 13:46:03+00,Orange County,CA,
738063,30052835.0,VISTA ROMA CIR,16393,,,,,,92649,HUNTINGTON BEACH,California,-118.04719923,33.72397187,16393 VISTA ROMA CIR    ,,,ARCGISADMIN,2024/09/03 13:46:03+00,ARCGISADMIN,2024/09/03 13:46:03+00,Orange County,CA,
1000129,92829696.0,ORANGETHORPE AVE,7551,,302,,APT,,90621,BUENA PARK,California,-118.00114024,33.85987579,7551 ORANGETHORPE AVE  APT  302,,,ARCGISADMIN,2024/09/03 13:46:03+00,ARCGISADMIN,2024/09/03 13:46:03+00,Orange County,CA,
798405,52058575.0,NEVADO,27941,,,,,,92692,MISSION VIEJO,California,-117.64268731,33.60325323,27941 NEVADO    ,,,ARCGISADMIN,2024/09/03 13:46:03+00,ARCGISADMIN,2024/09/03 13:46:03+00,Orange County,CA,
1092885,91148731.0,HOLDER ST,9951,,51,,UNIT,,90630,CYPRESS,California,-118.02130629,33.81866897,9951 HOLDER ST  UNIT  51,,,ARCGISADMIN,2024/09/03 13:46:03+00,ARCGISADMIN,2024/09/03 13:46:03+00,Orange County,CA,
228537,74094143.0,S CEDAR ST,814,,,,,,92701,SANTA ANA,California,-117.85880358,33.73751162,814 S CEDAR ST    ,,,ARCGISADMIN,2024/09/03 13:46:03+00,ARCGISADMIN,2024/09/03 13:46:03+00,Orange County,CA,
951334,91804123.0,CALLE DEL CERRO,1100,,152L,,UNIT,,92672,SAN CLEMENTE,California,-117.59421471,33.44870035,1100 CALLE DEL CERRO  UNIT  152L,,,ARCGISADMIN,2024/09/03 13:46:03+00,ARCGISADMIN,2024/09/03 13:46:03+00,Orange County,CA,
325791,40017287.0,DAPPLE GREY DR,26422,,,,,,92653,LAGUNA HILLS,California,-117.68716942,33.5793255,26422 DAPPLE GREY DR    ,,,ARCGISADMIN,2024/09/03 13:46:03+00,ARCGISADMIN,2024/09/03 13:46:03+00,Orange County,CA,
906997,14006022.0,BROOKSHIRE PL,272,,,,,,92821,BREA,California,-117.89193648,33.93253472,272 BROOKSHIRE PL    ,,,ARCGISADMIN,2024/09/03 13:46:03+00,ARCGISADMIN,2024/09/03 13:46:03+00,Orange County,CA,
794023,52043190.0,NACCOME DR,26442,,,,,,92691,MISSION VIEJO,California,-117.66881606,33.60664489,26442 NACCOME DR    ,,,ARCGISADMIN,2024/09/03 13:46:03+00,ARCGISADMIN,2024/09/03 13:46:03+00,Orange County,CA,
539679,54079253.0,PELICAN POINT DR,8,,,,,,92657,NEWPORT BEACH,California,-117.85665954,33.5868294,8 PELICAN POINT DR    ,,,ARCGISADMIN,2024/09/03 13:46:03+00,ARCGISADMIN,2024/09/03 13:46:03+00,Orange County,CA,
820515,74067620.0,COVENTRY PL,11151,,,,,,92705,North Tustin,California,-117.79063631,33.76984167,11151 COVENTRY PL    ,,,ARCGISADMIN,2024/09/03 13:46:03+00,ARCGISADMIN,2024/09/03 13:46:03+00,Orange County,CA,
546935,92934146.0,GARDEN GROVE BLVD,8851,,102,,,1204114.0,92844,GARDEN GROVE,California,-117.97786721,33.77415968,8851 GARDEN GROVE BLVD    102,,,ARCGISADMIN,2024/09/03 13:46:03+00,ARCGISADMIN,2024/09/03 13:46:03+00,Orange County,CA,
638093,32060890.0,BELVEDERE ST,4182,,,,,,92604,IRVINE,California,-117.78619823,33.7019043,4182 BELVEDERE ST    ,,,ARCGISADMIN,2024/09/03 13:46:03+00,ARCGISADMIN,2024/09/03 13:46:03+00,Orange County,CA,
317807,92806247.0,N ROSS ST,100,,B359,B,,,92701,SANTA ANA,California,-117.87319219,33.74662462,100 N ROSS ST   B B359,,,ARCGISADMIN,2024/09/03 13:46:03+00,ARCGISADMIN,2024/09/03 13:46:03+00,Orange County,CA,
256647,58044928.0,N RUSSELL DR,724,,,,,,92867,ORANGE,California,-117.83381933,33.79921467,724 N RUSSELL DR    ,,,ARCGISADMIN,2024/09/03 13:46:03+00,ARCGISADMIN,2024/09/03 13:46:03+00,Orange County,CA,
32417,92692196.0,MAGNOLIA ST,14081,,126,,,1126098.0,92683,WESTMINSTER,California,-117.97412116,33.75793878,14081 MAGNOLIA ST    126,,,ARCGISADMIN,2024/09/03 13:46:03+00,ARCGISADMIN,2024/09/03 13:46:03+00,Orange County,CA,
1110158,26030098.0,N HIGHLAND AVE,613,,,,,,92832,FULLERTON,California,-117.92890442,33.8759818,613 N HIGHLAND AVE    ,,,ARCGISADMIN,2024/09/03 13:46:03+00,ARCGISADMIN,2024/09/03 13:46:03+00,Orange County,CA,
1077130,26029748.0,GLENHAVEN AVE,800,,,,,,92832,FULLERTON,California,-117.93474883,33.87785626,800 GLENHAVEN AVE    ,,,ARCGISADMIN,2024/09/03 13:46:03+00,ARCGISADMIN,2024/09/03 13:46:03+00,Orange County,CA,
92680,92860369.0,S WALNUT AVE,319,1/2,,,APT,,92870,PLACENTIA,California,-117.87563146,33.86924127,319 S WALNUT AVE 1/2 APT  ,,,ARCGISADMIN,2024/09/03 13:46:03+00,ARCGISADMIN,2024/09/03 13:46:03+00,Orange County,CA,
555353,92864629.0,KELVIN AVE,2552,,105,,,,92614,IRVINE,California,-117.84044144,33.68499513,2552 KELVIN AVE    105,,,ARCGISADMIN,2024/09/03 13:46:03+00,ARCGISADMIN,2024/09/03 13:46:03+00,Orange County,CA,
1039065,12012437.0,N LEMON ST,1430,,,,,,92801,ANAHEIM,California,-117.91966245,33.85566027,1430 N LEMON ST    ,,,ARCGISADMIN,2024/09/03 13:46:03+00,ARCGISADMIN,2024/09/03 13:46:03+00,Orange County,CA,
998630,92821030.0,STAGE RD,7661,,2,,APT,,90621,BUENA PARK,California,-117.99905779,33.88278452,7661 STAGE RD  APT  2,,,ARCGISADMIN,2024/09/03 13:46:03+00,ARCGISADMIN,2024/09/03 13:46:03+00,Orange County,CA,
575722,92944770.0,LARSON AVE,8081,,6,,,,92844,GARDEN GROVE,California,-117.98813892,33.77247076,8081 LARSON AVE    6,,,ARCGISADMIN,2024/09/03 13:46:03+00,ARCGISADMIN,2024/09/03 13:46:03+00,Orange County,CA,
237188,58093190.0,N CENTER ST,445,,,,,,92866,ORANGE,California,-117.84968767,33.79417009,445 N CENTER ST    ,,,ARCGISADMIN,2024/09/03 13:46:03+00,ARCGISADMIN,2024/09/03 13:46:03+00,Orange County,CA,
683426,78007150.0,CODY DR,7570,,,,,,90680,STANTON,California,-118.00073865,33.81215086,7570 CODY DR    ,,,ARCGISADMIN,2024/09/03 13:46:03+00,ARCGISADMIN,2024/09/03 13:46:03+00,Orange County,CA,
387887,92704418.0,CROWN VALLEY PKWY,32410,,303,,,,92629,DANA POINT,California,-117.71873912,33.49325097,32410 CROWN VALLEY PKWY    303,,,ARCGISADMIN,2024/09/03 13:46:03+00,ARCGISADMIN,2024/09/03 13:46:03+00,Orange County,CA,
39658,84036188.0,BAKER ST,14271,,,,,,92683,WESTMINSTER,California,-118.04155256,33.75524287,14271 BAKER ST    ,,,ARCGISADMIN,2024/09/03 13:46:03+00,ARCGISADMIN,2024/09/03 13:46:03+00,Orange County,CA,
412088,92731609.0,W LINDEN DR,420,,,,,,92865,ORANGE,California,-117.85404767,33.83677127,420 W LINDEN DR    ,,,ARCGISADMIN,2024/09/03 13:46:03+00,ARCGISADMIN,2024/09/03 13:46:03+00,Orange County,CA,
990749,16025347.0,HOLDER ST,8765,,,,,,90620,BUENA PARK,California,-118.01984277,33.83545481,8765 HOLDER ST    ,,,ARCGISADMIN,2024/09/03 13:46:03+00,ARCGISADMIN,2024/09/03 13:46:03+00,Orange County,CA,
512394,87017763.0,JADE CV,6,,,,,,92625,NEWPORT BEACH,California,-117.84824451,33.60920857,6 JADE CV    ,,,ARCGISADMIN,2024/09/03 13:46:03+00,ARCGISADMIN,2024/09/03 13:46:03+00,Orange County,CA,
898788,70019143.0,CAZADOR LN,317,,A,,APT,,92672,SAN CLEMENTE,California,-117.61537861,33.41966065,317 CAZADOR LN  APT  A,,,ARCGISADMIN,2024/09/03 13:46:03+00,ARCGISADMIN,2024/09/03 13:46:03+00,Orange County,CA,
645521,92773898.0,COMPASS,181,,,,,,92618,IRVINE,California,-117.72803223,33.69779735,181 COMPASS    ,,,ARCGISADMIN,2024/09/03 13:46:03+00,ARCGISADMIN,2024/09/03 13:46:03+00,Orange County,CA,
283973,92993920.0,E 15TH ST,226,,B,,,,92627,COSTA MESA,California,-117.92304802,33.62943303,226 E 15TH ST    B,,,ARCGISADMIN,2024/09/03 13:46:03+00,ARCGISADMIN,2024/09/03 13:46:03+00,Orange County,CA,
1043849,12067050.0,E SANDSTONE DR,8031,,,,,,92808,ANAHEIM,California,-117.73787429,33.84753786,8031 E SANDSTONE DR    ,,,ARCGISADMIN,2024/09/03 13:46:03+00,ARCGISADMIN,2024/09/03 13:46:03+00,Orange County,CA,
783465,92882478.0,THE SHOPS AT MISSION VIEJO,1006,,,,,1189161.0,92691,MISSION VIEJO,California,-117.67018088,33.55868372,1006 THE SHOPS AT MISSION VIEJO    ,,,ARCGISADMIN,2024/09/03 13:46:03+00,ARCGISADMIN,2024/09/03 13:46:03+00,Orange County,CA,
57811,82003188.0,MESA DR,18702,,,,,,92861,VILLA PARK,California,-117.80336339,33.82169687,18702 MESA DR    ,,,ARCGISADMIN,2024/09/03 13:46:03+00,ARCGISADMIN,2024/09/03 13:46:03+00,Orange County,CA,
102645,80004352.0,TUSTIN VILLAGE WAY,15500,,49,,APT,,92780,TUSTIN,California,-117.83470778,33.73915955,15500 TUSTIN VILLAGE WAY  APT  49,,,ARCGISADMIN,2024/09/03 13:46:03+00,ARCGISADMIN,2024/09/03 13:46:03+00,Orange County,CA,
710849,38018142.0,CLIFF DR,665,,,,,,92651,LAGUNA BEACH,California,-117.79508403,33.54557536,665 CLIFF DR    ,,,ARCGISADMIN,2024/09/03 13:46:03+00,ARCGISADMIN,2024/09/03 13:46:03+00,Orange County,CA,
327193,32073568.0,SORRENTO,34,,,,,,92614,IRVINE,California,-117.82304592,33.67653097,34 SORRENTO    ,,,ARCGISADMIN,2024/09/03 13:46:03+00,ARCGISADMIN,2024/09/03 13:46:03+00,Orange County,CA,
415397,32241590.0,ALDERBERRY,6,,,,,,92604,IRVINE,California,-117.79493478,33.67816654,6 ALDERBERRY    ,,,ARCGISADMIN,2024/09/03 13:46:03+00,ARCGISADMIN,2024/09/03 13:46:03+00,Orange County,CA,
60576,66026181.0,SPYGLASS PL,910,,,,,,92870,PLACENTIA,California,-117.85116057,33.87301958,910 SPYGLASS PL    ,,,ARCGISADMIN,2024/09/03 13:46:03+00,ARCGISADMIN,2024/09/03 13:46:03+00,Orange County,CA,
712196,38018471.0,MYSTIC WAY,549,,,,,,92651,LAGUNA BEACH,California,-117.77697943,33.54448356,549 MYSTIC WAY    ,,,ARCGISADMIN,2024/09/03 13:46:03+00,ARCGISADMIN,2024/09/03 13:46:03+00,Orange County,CA,
109134,74242082.0,S CRODDY WAY,2737,,A,,STE,,92704,SANTA ANA,California,-117.92156584,33.71031442,2737 S CRODDY WAY  STE  A,,,ARCGISADMIN,2024/09/03 13:46:03+00,ARCGISADMIN,2024/09/03 13:46:03+00,Orange County,CA,
984874,12055032.0,S FRONTIER CT,684,,,,,,92807,ANAHEIM,California,-117.78856915,33.83893972,684 S FRONTIER CT    ,,,ARCGISADMIN,2024/09/03 13:46:03+00,ARCGISADMIN,2024/09/03 13:46:03+00,Orange County,CA,
73126,74126738.0,N OLD GRAND ST,2626,,,,,,92705,SANTA ANA,California,-117.84985014,33.772724,2626 N OLD GRAND ST    ,,,ARCGISADMIN,2024/09/03 13:46:03+00,ARCGISADMIN,2024/09/03 13:46:03+00,Orange County,CA,
773596,52046955.0,BAYBERRY,22491,,,,,,92692,MISSION VIEJO,California,-117.63403939,33.63560376,22491 BAYBERRY    ,,,ARCGISADMIN,2024/09/03 13:46:03+00,ARCGISADMIN,2024/09/03 13:46:03+00,Orange County,CA,
115157,58093844.0,KENDRA LOOP,8519,,,,,,92867,ORANGE,California,-117.76200846,33.82875013,8519 KENDRA LOOP    ,,,ARCGISADMIN,2024/09/03 13:46:03+00,ARCGISADMIN,2024/09/03 13:46:03+00,Orange County,CA,
317845,92751206.0,CALLE DE LA PLATA,24012,,150,,,,92653,LAGUNA HILLS,California,-117.71138537,33.60971515,24012 CALLE DE LA PLATA    150,,,ARCGISADMIN,2024/09/03 13:46:03+00,ARCGISADMIN,2024/09/03 13:46:03+00,Orange County,CA,
288492,18030588.0,PRESIDIO DR,813,,,,,,92626,COSTA MESA,California,-117.89118836,33.67203492,813 PRESIDIO DR    ,,,ARCGISADMIN,2024/09/03 13:46:03+00,ARCGISADMIN,2024/09/03 13:46:03+00,Orange County,CA,
860594,46027968.0,SHADY GROVE CIR,22675,,,,,,92630,LAKE FOREST,California,-117.69719712,33.63394654,22675 SHADY GROVE CIR    ,,,ARCGISADMIN,2024/09/03 13:46:03+00,ARCGISADMIN,2024/09/03 13:46:03+00,Orange County,CA,
851095,46024725.0,CRIPPLE CRK,22252,,,,,,92630,LAKE FOREST,California,-117.66699547,33.63938629,22252 CRIPPLE CRK    ,,,ARCGISADMIN,2024/09/03 13:46:03+00,ARCGISADMIN,2024/09/03 13:46:03+00,Orange County,CA,
110985,80021924.0,RAINTREE RD,14371,,,,,,92780,TUSTIN,California,-117.80920865,33.7212297,14371 RAINTREE RD    ,,,ARCGISADMIN,2024/09/03 13:46:03+00,ARCGISADMIN,2024/09/03 13:46:03+00,Orange County,CA,
929399,70035696.0,LOMA ADRIA,705,,,,,,92672,SAN CLEMENTE,California,-117.59075387,33.44390405,705 LOMA ADRIA    ,,,ARCGISADMIN,2024/09/03 13:46:03+00,ARCGISADMIN,2024/09/03 13:46:03+00,Orange County,CA,
677571,91319442.0,LAMPSON AVE,7700,,126,,UNIT,1169080.0,92841,STANTON,California,-117.9971961,33.77897161,7700 LAMPSON AVE  UNIT  126,,,ARCGISADMIN,2024/09/03 13:46:03+00,ARCGISADMIN,2024/09/03 13:46:03+00,Orange County,CA,
1003290,16029599.0,HANCOCK WAY,6387,,,,,,90620,BUENA PARK,California,-118.0215696,33.85310027,6387 HANCOCK WAY    ,,,ARCGISADMIN,2024/09/03 13:46:03+00,ARCGISADMIN,2024/09/03 13:46:03+00,Orange County,CA,
813674,92846502.0,CROWN VALLEY PKWY,27741,,309,,,,92691,MISSION VIEJO,California,-117.6713048,33.56055351,27741 CROWN VALLEY PKWY    309,,,ARCGISADMIN,2024/09/03 13:46:03+00,ARCGISADMIN,2024/09/03 13:46:03+00,Orange County,CA,
68644,91544041.0,E CHAPMAN AVE,201,,42B,4,UNIT,,92870,PLACENTIA,California,-117.86743507,33.87269055,201 E CHAPMAN AVE  UNIT 4 42B,,,ARCGISADMIN,2024/09/03 13:46:03+00,ARCGISADMIN,2024/09/03 13:46:03+00,Orange County,CA,
42979,92727152.0,MAIN ST,7032,,18,,,,92683,WESTMINSTER,California,-118.00646193,33.75444103,7032 MAIN ST    18,,,ARCGISADMIN,2024/09/03 13:46:03+00,ARCGISADMIN,2024/09/03 13:46:03+00,Orange County,CA,
195288,74092530.0,S SPRUCE ST,1306,,,,,,92704,SANTA ANA,California,-117.88906326,33.73049081,1306 S SPRUCE ST    ,,,ARCGISADMIN,2024/09/03 13:46:03+00,ARCGISADMIN,2024/09/03 13:46:03+00,Orange County,CA,
693574,92915530.0,CHATEAU CT,849,,,,,1190229.0,92841,STANTON,California,-117.98922294,33.78031853,849 CHATEAU CT    ,,,ARCGISADMIN,2024/09/03 13:46:03+00,ARCGISADMIN,2024/09/03 13:46:03+00,Orange County,CA,
809866,52059724.0,VIRGINIA,27982,,,,,,92692,MISSION VIEJO,California,-117.64233213,33.65168008,27982 VIRGINIA    ,,,ARCGISADMIN,2024/09/03 13:46:03+00,ARCGISADMIN,2024/09/03 13:46:03+00,Orange County,CA,
939289,90167549.0,E IMPERIAL HWY,920,,,,,,92821,BREA,California,-117.89128151,33.91285457,920 E IMPERIAL HWY    ,,,ARCGISADMIN,2024/09/03 13:46:03+00,ARCGISADMIN,2024/09/03 13:46:03+00,Orange County,CA,
1145576,76009848.0,OPAL COVE WAY,424,,,,,,90740,SEAL BEACH,California,-118.0972222,33.74328049,424 OPAL COVE WAY    ,,,ARCGISADMIN,2024/09/03 13:46:03+00,ARCGISADMIN,2024/09/03 13:46:03+00,Orange County,CA,
621697,92734101.0,KELVIN AVE,2790,,1207,1,UNIT,,92614,IRVINE,California,-117.83784087,33.68365966,2790 KELVIN AVE  UNIT 1 1207,,,ARCGISADMIN,2024/09/03 13:46:03+00,ARCGISADMIN,2024/09/03 13:46:03+00,Orange County,CA,
1132560,26031756.0,NOUTARY DR,1338,,,,,,92833,FULLERTON,California,-117.96293743,33.88509903,1338 NOUTARY DR    ,,,ARCGISADMIN,2024/09/03 13:46:03+00,ARCGISADMIN,2024/09/03 13:46:03+00,Orange County,CA,
578965,54001656.0,WINDWARD LN,2200,,,,,,92660,NEWPORT BEACH,California,-117.89599449,33.6415822,2200 WINDWARD LN    ,,,ARCGISADMIN,2024/09/03 13:46:03+00,ARCGISADMIN,2024/09/03 13:46:03+00,Orange County,CA,
463213,86040280.0,HIDDEN OAKS DR,4245,,,,,,92886,YORBA LINDA,California,-117.80181581,33.8991442,4245 HIDDEN OAKS DR    ,,,ARCGISADMIN,2024/09/03 13:46:03+00,ARCGISADMIN,2024/09/03 13:46:03+00,Orange County,CA,
676779,30006690.0,ALSUNA LN,1815,,,,,,92648,HUNTINGTON BEACH,California,-117.99200508,33.67371643,1815 ALSUNA LN    ,,,ARCGISADMIN,2024/09/03 13:46:03+00,ARCGISADMIN,2024/09/03 13:46:03+00,Orange County,CA,
252597,92832324.0,W 5TH ST,3200,,305,,APT,1154271.0,92703,SANTA ANA,California,-117.91233112,33.74754266,3200 W 5TH ST  APT  305,,,ARCGISADMIN,2024/09/03 13:46:03+00,ARCGISADMIN,2024/09/03 13:46:03+00,Orange County,CA,
1089681,26002426.0,N EUCLID ST,2051,,E,,STE,,92835,FULLERTON,California,-117.94461232,33.89415119,2051 N EUCLID ST  STE  E,,,ARCGISADMIN,2024/09/03 13:46:03+00,ARCGISADMIN,2024/09/03 13:46:03+00,Orange County,CA,
205150,74297529.0,N FAIRVIEW ST,1940,,2,,APT,,92706,SANTA ANA,California,-117.90324305,33.76362431,1940 N FAIRVIEW ST  APT  2,,,ARCGISADMIN,2024/09/03 13:46:03+00,ARCGISADMIN,2024/09/03 13:46:03+00,Orange County,CA,
1019340,12014893.0,W ORANGE AVE,3354,,,,,,92804,ANAHEIM,California,-118.00791352,33.82443044,3354 W ORANGE AVE    ,,,ARCGISADMIN,2024/09/03 13:46:03+00,ARCGISADMIN,2024/09/03 13:46:03+00,Orange County,CA,
181834,92809959.0,N PARK CENTER DR,722,,102,,APT,1078061.0,92705,SANTA ANA,California,-117.8386676,33.75131547,722 N PARK CENTER DR  APT  102,,,ARCGISADMIN,2024/09/03 13:46:03+00,ARCGISADMIN,2024/09/03 13:46:03+00,Orange County,CA,
532594,54045530.0,SANTA ISABEL AVE,379,,,,,,92660,NEWPORT BEACH,California,-117.89347423,33.65075617,379 SANTA ISABEL AVE    ,,,ARCGISADMIN,2024/09/03 13:46:03+00,ARCGISADMIN,2024/09/03 13:46:03+00,Orange County,CA,
506139,92881514.0,SPECTRUM CENTER DR,670,,,,,1182347.0,92618,IRVINE,California,-117.74399453,33.65161521,670 SPECTRUM CENTER DR    ,,,ARCGISADMIN,2024/09/03 13:46:03+00,ARCGISADMIN,2024/09/03 13:46:03+00,Orange County,CA,
567983,54076673.0,SEA ISLAND DR,70,,,,,,92660,NEWPORT BEACH,California,-117.8749538,33.6305519,70 SEA ISLAND DR    ,,,ARCGISADMIN,2024/09/03 13:46:03+00,ARCGISADMIN,2024/09/03 13:46:03+00,Orange County,CA,
994741,91118225.0,FALLS WAY,5335,,H,,UNIT,,90621,BUENA PARK,California,-117.99444584,33.88173614,5335 FALLS WAY  UNIT  H,,,ARCGISADMIN,2024/09/03 13:46:03+00,ARCGISADMIN,2024/09/03 13:46:03+00,Orange County,CA,
137571,74120525.0,E 20TH ST,519,,,,,,92706,SANTA ANA,California,-117.86178939,33.76261313,519 E 20TH ST    ,,,ARCGISADMIN,2024/09/03 13:46:03+00,ARCGISADMIN,2024/09/03 13:46:03+00,Orange County,CA,
887585,87118698.0,INVERARY,13,,,,,,92679,RANCHO SANTA MARGARITA,California,-117.57272242,33.63253692,13 INVERARY    ,,,ARCGISADMIN,2024/09/03 13:46:03+00,ARCGISADMIN,2024/09/03 13:46:03+00,Orange County,CA,
532449,54041113.0,PARK NEWPORT,4000,,402,,APT,,92660,NEWPORT BEACH,California,-117.88152556,33.62613288,4000 PARK NEWPORT  APT  402,,,ARCGISADMIN,2024/09/03 13:46:03+00,ARCGISADMIN,2024/09/03 13:46:03+00,Orange County,CA,
330038,91644981.0,MOULTON PKWY,26035,,217,N,APT,,92653,LAGUNA HILLS,California,-117.70977783,33.58328302,26035 MOULTON PKWY  APT N 217,,,ARCGISADMIN,2024/09/03 13:46:03+00,ARCGISADMIN,2024/09/03 13:46:03+00,Orange County,CA,
933980,34017196.0,N RUSSELL ST,921,,,,,,90631,LA HABRA,California,-117.96131135,33.94092828,921 N RUSSELL ST    ,,,ARCGISADMIN,2024/09/03 13:46:03+00,ARCGISADMIN,2024/09/03 13:46:03+00,Orange County,CA,
61887,91118762.0,N PLACENTIA AVE,1856,,,,,1178791.0,92870,PLACENTIA,California,-117.87050528,33.89530668,1856 N PLACENTIA AVE    ,,,ARCGISADMIN,2024/09/03 13:46:03+00,ARCGISADMIN,2024/09/03 13:46:03+00,Orange County,CA,
1093725,20028354.0,BALL RD,5117,,,,,,90630,CYPRESS,California,-118.0439924,33.81734001,5117 BALL RD    ,,,ARCGISADMIN,2024/09/03 13:46:03+00,ARCGISADMIN,2024/09/03 13:46:03+00,Orange County,CA,
829072,74072236.0,DRYDEN LN,14121,,,,,,92705,North Tustin,California,-117.8039323,33.75788757,14121 DRYDEN LN    ,,,ARCGISADMIN,2024/09/03 13:46:03+00,ARCGISADMIN,2024/09/03 13:46:03+00,Orange County,CA,
814586,68018760.0,GREENVALE,5,,,,,,92688,Las Flores,California,-117.62278278,33.59755911,5 GREENVALE    ,,,ARCGISADMIN,2024/09/03 13:46:03+00,ARCGISADMIN,2024/09/03 13:46:03+00,Orange County,CA,
273110,18039148.0,GROVE PL,1015,,,,,,92627,COSTA MESA,California,-117.94178823,33.64838453,1015 GROVE PL    ,,,ARCGISADMIN,2024/09/03 13:46:03+00,ARCGISADMIN,2024/09/03 13:46:03+00,Orange County,CA,
571105,32072487.0,CARVER,5,,,,,,92620,IRVINE,California,-117.76713371,33.70156117,5 CARVER    ,,,ARCGISADMIN,2024/09/03 13:46:03+00,ARCGISADMIN,2024/09/03 13:46:03+00,Orange County,CA,
108405,92876693.0,LEGACY RD,16003,,204,,,1183107.0,92782,TUSTIN,California,-117.8272141,33.70217224,16003 LEGACY RD    204,,,ARCGISADMIN,2024/09/03 13:46:03+00,ARCGISADMIN,2024/09/03 13:46:03+00,Orange County,CA,
169500,91416428.0,NEWPORT AVE,14300,,89,,UNIT,,92780,TUSTIN,California,-117.82444964,33.73325121,14300 NEWPORT AVE  UNIT  89,,,ARCGISADMIN,2024/09/03 13:46:03+00,ARCGISADMIN,2024/09/03 13:46:03+00,Orange County,CA,
159939,74082941.0,W ADAMS ST,2221,,,,,,92704,SANTA ANA,California,-117.8985474,33.71227685,2221 W ADAMS ST    ,,,ARCGISADMIN,2024/09/03 13:46:03+00,ARCGISADMIN,2024/09/03 13:46:03+00,Orange County,CA,
580913,32192785.0,STREAMWOOD,88,,,,,,92620,IRVINE,California,-117.75733534,33.71321597,88 STREAMWOOD    ,,,ARCGISADMIN,2024/09/03 13:46:03+00,ARCGISADMIN,2024/09/03 13:46:03+00,Orange County,CA,
911755,34003987.0,S OAKLAND DR,391,,,,,,90631,LA HABRA,California,-117.97506977,33.92913889,391 S OAKLAND DR    ,,,ARCGISADMIN,2024/09/03 13:46:03+00,ARCGISADMIN,2024/09/03 13:46:03+00,Orange County,CA,
551077,54008504.0,ONYX AVE,112,,,,,,92662,NEWPORT BEACH,California,-117.89041746,33.60498686,112 ONYX AVE    ,,,ARCGISADMIN,2024/09/03 13:46:03+00,ARCGISADMIN,2024/09/03 13:46:03+00,Orange County,CA,
536477,28066749.0,SAINT MARK ST,12262,,,,,,92845,GARDEN GROVE,California,-118.02991389,33.78430559,12262 SAINT MARK ST    ,,,ARCGISADMIN,2024/09/03 13:46:03+00,ARCGISADMIN,2024/09/03 13:46:03+00,Orange County,CA,
137594,74120783.0,N SHERRY LN,1919,,63,,APT,,92705,SANTA ANA,California,-117.84123636,33.76342741,1919 N SHERRY LN  APT  63,,,ARCGISADMIN,2024/09/03 13:46:03+00,ARCGISADMIN,2024/09/03 13:46:03+00,Orange County,CA,
987773,16000068.0,ACADEMY DR,8833,,20,,APT,,90621,BUENA PARK,California,-117.97969648,33.86121284,8833 ACADEMY DR  APT  20,,,ARCGISADMIN,2024/09/03 13:46:03+00,ARCGISADMIN,2024/09/03 13:46:03+00,Orange County,CA,
